{"columns":["Pregnancies","Glucose","BloodPressure","SkinThickness","Insulin","BMI","DiabetesPedigreeFunction","Age"],"index":[287,387,109,174,572,169,138,683,417,257,725,653,390,150,432,516,412,100,685,455,341,625,667,435,513,630,397,99,416,436,202,603,765,507,384,423,36,590,502,357,325,700,627,380,456,706,680,420,445,283,85,691,642,320,406,91,723,29,463,546,552,62,672,581,98,331,269,152,517,621],"data":[[-0.8448850534,-0.0592934199,0.8734092512,1.1581821696,1.2173465307,1.7270437156,1.015133458,-0.3608474114],[1.2338801856,-0.4974534544,1.5971777497,0.9699979864,-0.6928905723,1.4351294513,-0.7033140694,1.0005566387],[-1.1418515162,-0.8104249077,0.8217115013,0.2799893144,-0.3803063191,0.6863059037,-0.67915312,-0.7862861771],[-0.5479185907,-1.4363678142,-0.2639412465,0.2172612533,-0.2153312965,-0.2909722855,-0.3076785227,-0.0204963989],[-0.250952128,-0.3096705825,-0.5741277459,0.6563576809,-0.3108431517,-0.3163561346,-0.1264714021,-0.9564616833],[-0.250952128,-0.3096705825,1.0802002508,-0.5354754798,-0.0156246903,-0.4559673045,0.069836312,-0.3608474114],[-1.1418515162,0.2536780334,0.5632227518,-1.2882122129,-0.6928905723,-0.1005934175,0.6980209969,-0.3608474114],[0.0460143347,0.1284894521,0.5632227518,-1.2882122129,-0.6928905723,0.0390177524,0.1936611777,-0.5310229177],[0.0460143347,0.7231352133,0.6666182516,0.719085742,-0.6928905723,0.8259170736,0.2480233139,0.3198546137],[-0.5479185907,-0.2157791465,-0.057150247,0.0918051311,-0.6928905723,-0.4178915309,-1.147271515,-0.7011984239],[0.0460143347,-0.2783734371,0.459827252,1.2209102307,-0.6928905723,0.9401443944,-0.7123744255,0.4049423668],[-0.5479185907,-0.0279962745,-0.7809187455,-1.2882122129,-0.6928905723,-0.6590380971,-0.0509684351,-0.5310229177],[-0.8448850534,-0.6539391811,-0.1605457467,0.5309015587,1.0089570286,0.0009419788,-0.0841897406,0.7452933793],[-0.8448850534,0.4727580507,0.2530362524,1.8481908417,1.0784201959,0.6863059037,-0.2200950811,-0.7862861771],[-0.8448850534,-1.2798820876,0.2530362524,-0.5982035409,-0.1719168169,-0.2528965119,0.1664801096,-0.9564616833],[1.5308466483,0.7544323586,0.976804751,0.8445418642,0.739787255,-0.2148207383,0.9033890669,1.6812586638],[-0.8448850534,0.691838068,0.7700137514,0.1545331922,1.9988071638,1.3209021305,1.8245252635,-0.9564616833],[-0.8448850534,1.3177809745,0.1496407526,-1.2882122129,-0.6928905723,0.8893766963,2.2654625904,-0.0204963989],[-0.5479185907,0.2536780334,0.2530362524,0.3427173754,1.0871030919,0.1532450732,0.359767705,-0.7011984239],[3.0156789619,1.6933467185,-0.3673367463,0.5936296198,-0.6928905723,0.2040127713,-0.7848572737,0.4049423668],[-0.8448850534,-0.8104249077,0.2530362524,0.02907707,-0.0590391699,-0.7732654179,0.6074174365,0.2347668605],[0.0460143347,-0.9669106343,0.976804751,1.6600066584,-0.2240141925,0.7243816773,-0.3318394721,-0.3608474114],[1.827813111,-0.3096705825,0.0462452528,0.4054454365,-0.6928905723,-0.5701946253,-0.9992856998,0.5751178731],[-1.1418515162,0.6292437773,-3.5725972399,-1.2882122129,-0.6928905723,1.3209021305,-0.8059981045,-0.3608474114],[-0.5479185907,-0.935613489,-0.3673367463,-1.2882122129,-0.6928905723,-0.5955784744,0.1604398723,-0.9564616833],[0.9369137229,-0.2157791465,-0.2639412465,-1.2882122129,-0.6928905723,-0.5828865499,0.7856044385,0.0645913543],[-1.1418515162,0.3162723241,-0.1605457467,1.2209102307,-0.6928905723,0.2928562431,-0.8331791726,-0.9564616833],[-0.8448850534,0.0345980161,1.0802002508,1.9109189027,1.2173465307,2.2474126216,-0.4435838632,-0.1906719051],[-0.8448850534,-0.7478306171,-0.057150247,0.02907707,-0.6928905723,-0.6082703989,1.8819075184,-0.9564616833],[2.4217460365,0.597946632,0.8217115013,0.7818138031,-0.6928905723,0.6863059037,-0.688213476,0.6602056262],[-1.1418515162,-0.4035620185,-0.057150247,-0.0336509911,-0.6928905723,-0.5955784744,0.9517109658,-0.105584152],[0.9369137229,0.9109180853,0.459827252,0.5309015587,0.401154314,0.4070835639,0.6647996914,1.766346417],[0.3429807974,0.0033008708,0.1496407526,0.1545331922,0.2795937711,-0.7351896443,-0.6851933574,-0.2757596583],[-0.8448850534,0.2849751787,-0.4707322461,0.1545331922,0.7832017346,-0.4305834554,0.6647996914,-1.0415494365],[-0.8448850534,0.1284894521,0.0462452528,0.2172612533,0.2622279792,-0.9763362105,-0.7576762056,-0.7011984239],[-0.5479185907,-0.1844820012,-0.2639412465,0.0918051311,-0.6928905723,-0.1513611157,-0.1536524702,-1.0415494365],[2.1247795738,0.5353523414,0.3564317522,-1.2882122129,-0.6928905723,0.1532450732,-0.1566725888,0.1496791074],[2.1247795738,-0.3096705825,0.7700137514,1.2209102307,-0.6928905723,1.8793468101,1.3684873432,1.0005566387],[0.6399472602,-3.7836537138,-0.057150247,1.2836382918,-0.6928905723,0.8893766963,0.7705038451,0.6602056262],[2.7187124992,0.2536780334,-3.5725972399,0.5936296198,-0.6928905723,1.0036040171,0.2933250941,0.9154688856],[-0.8448850534,1.1299981026,0.1496407526,0.02907707,0.7658359427,-0.8113411915,-1.053647836,-0.7862861771],[-0.5479185907,0.0345980161,0.3564317522,0.4054454365,1.0436886123,0.4959270357,0.0335948878,-0.6161106708],[-1.1418515162,0.3475694694,0.459827252,-1.2882122129,-0.6928905723,0.0517096769,-0.2382157931,-1.0415494365],[-0.8448850534,-0.4348591638,0.1496407526,0.5936296198,0.0191068934,-0.1513611157,1.0543950008,-0.7862861771],[-0.8448850534,0.4414609054,-0.7809187455,-1.2882122129,-0.6928905723,-0.6717300216,0.649699098,2.447048442],[1.827813111,-0.1844820012,-3.5725972399,-1.2882122129,-0.6928905723,-4.0604738727,-0.6368714585,-0.2757596583],[-0.5479185907,-2.0310135755,-0.6775232457,0.4681734976,-0.3021602558,-0.989028135,-0.4224430324,-0.9564616833],[-0.8448850534,-0.0592934199,0.976804751,1.2836382918,0.7832017346,1.688967942,0.1060777361,-0.6161106708],[-1.1418515162,1.8498324451,0.459827252,2.6636556358,-0.5713300294,3.4785293016,5.8835647659,-0.7011984239],[0.9369137229,1.2551866839,0.8734092512,-1.2882122129,-0.6928905723,-0.2021288138,-0.9268028516,1.170732145],[-0.5479185907,-0.3409677278,0.2530362524,0.5309015587,0.3924714181,0.0517096769,0.6829204035,-0.5310229177],[2.7187124992,1.1612952479,2.3209462483,-1.2882122129,-0.6928905723,1.308210206,-0.6489519332,0.9154688856],[0.6399472602,0.8170266493,0.5632227518,-1.2882122129,-0.6928905723,-0.3163561346,-0.8875413088,1.4259954044],[0.0460143347,0.2536780334,-0.4707322461,-0.5354754798,1.3128583859,-0.5701946253,0.1664801096,-0.1906719051],[0.0460143347,-0.1844820012,0.1496407526,-1.2882122129,-0.6928905723,-0.3925076818,-0.2895578106,1.0856443919],[0.0460143347,0.0658951615,0.5632227518,-0.3472912966,0.8352991101,0.0009419788,-0.0872098593,0.0645913543],[0.3429807974,-0.1218877105,0.8734092512,0.5936296198,0.2188134996,0.9020686208,-0.6670726453,0.7452933793],[0.3429807974,-0.1218877105,1.1835957505,-1.2882122129,-0.6928905723,0.267472394,-0.4073424391,0.4049423668],[0.3429807974,-1.029504925,0.459827252,0.5936296198,-0.6928905723,-0.5575027008,-0.6459318146,0.3198546137],[0.3429807974,2.0689124624,0.3564317522,0.4054454365,1.1044688837,1.4732052249,1.6976802791,1.6812586638],[0.6399472602,-0.2157791465,0.976804751,-1.2882122129,-0.6928905723,-0.5321188517,-0.67915312,2.7873994546],[0.3429807974,-2.4065793194,-0.3673367463,-1.2882122129,-0.6928905723,-0.8874927387,0.3476872303,0.2347668605],[1.827813111,-1.6554478315,1.9073642491,0.1545331922,-0.2674286721,0.4451593375,-0.5643886103,1.170732145],[0.6399472602,-0.3722648731,-0.4707322461,0.4054454365,-0.6928905723,-0.8874927387,-0.8029779858,-0.5310229177],[0.6399472602,-0.8730191984,-0.9877097451,0.5936296198,-0.1371852332,-0.4178915309,-0.3499601842,-0.8713739302],[-0.5479185907,-1.0608020703,-0.5741277459,-0.2845632355,-0.2413799843,0.0897854505,-0.9237827329,-0.7011984239],[-0.5479185907,0.785729504,-3.5725972399,-1.2882122129,-0.6928905723,-0.5701946253,-0.7002939508,-0.4459351645],[1.5308466483,1.0987009572,0.8734092512,0.4681734976,0.6529582957,0.2928562431,2.1657986741,0.7452933793],[0.9369137229,0.1284894521,0.8734092512,-1.2882122129,-0.6928905723,0.7116897528,-0.5070063554,1.5110831576],[-0.5479185907,-0.9043163437,0.3564317522,