{"columns":["Pregnancies","Glucose","BloodPressure","SkinThickness","Insulin","BMI","DiabetesPedigreeFunction","Age"],"index":[47,40,643,63,250,67,732,233,399,315,61,402,558,749,191,441,256,410,497,50,51,592,158,479,290,306,324,692,141,262,6,208,5,520,322,127,457,119,242,78,500,160,493,595,264,286,584,332,117,31,328,594,193,461,293,298,253,3,178,437,225,611,708,381,9,300,373,206,45,755,745,491,601,428,295,679,374,559,419,343,130,585,492,543,697,313,527,20,222,280,334,65,670,155,637,370,469,151,368,183,7,333,421,724,79,25,12,564,726,617,275,743,30,458,307,285,521,649,70,498,533,376,615,607,528,214,246,71,32,210,539,759,42,292,519,212,105,494,103,185,172,272,330,554,404,716,508,186,104,583,14,4,561,159,586,363,422,425,136,752,496],"data":[[-0.5479185907,-1.5615563956,0.0462452528,0.4054454365,-0.6928905723,-0.5067350027,0.3446671116,-0.9564616833],[-0.250952128,1.8498324451,-0.2639412465,0.2799893144,-0.0850878577,0.2547804695,-0.6066702718,-0.6161106708],[0.0460143347,-0.9669106343,-3.5725972399,-1.2882122129,-0.6928905723,-0.5067350027,0.4171499599,-0.1906719051],[-0.5479185907,0.6292437773,-0.5741277459,0.8445418642,0.4185201058,-0.8367250406,0.6859405221,-0.7862861771],[1.5308466483,-0.4661563091,-0.8843142453,-1.2882122129,-0.6928905723,-0.1005934175,-0.2774773359,0.7452933793],[-0.5479185907,-0.3722648731,1.1835957505,-1.2882122129,-0.6928905723,1.3589779041,1.126877849,1.766346417],[-0.5479185907,1.6620495731,0.976804751,1.0327260475,0.3490569384,1.5874325457,0.5258742322,-0.7862861771],[0.0460143347,0.0345980161,-0.057150247,-1.2882122129,-0.6928905723,0.3816997148,-0.2351956744,-0.3608474114],[-0.250952128,2.2566953343,0.0462452528,0.6563576809,-0.6928905723,0.3690077903,-0.6972738321,-0.7011984239],[-0.5479185907,-0.2783734371,-0.057150247,0.0918051311,0.1233016444,0.267472394,-0.47378505,-0.6161106708],[1.2338801856,0.3788666147,0.1496407526,-1.2882122129,-0.6928905723,0.1151692996,-0.6096903904,0.4900301199],[0.3429807974,0.4727580507,0.7700137514,1.2836382918,0.0712042689,0.3816997148,-0.5613684916,0.1496791074],[2.1247795738,-0.5600477451,-0.057150247,1.2209102307,-0.6928905723,1.8031952629,-1.04458748,0.7452933793],[0.6399472602,1.2864838292,-0.3673367463,-1.2882122129,-0.6928905723,-0.9763362105,-0.8875413088,1.4259954044],[1.5308466483,0.0658951615,0.0462452528,1.4718224751,0.1233016444,0.1405531487,-0.295598048,0.5751178731],[-0.5479185907,-1.1859906516,-0.1605457467,0.1545331922,-0.2587457762,0.0263258278,0.0758765493,-0.9564616833],[-0.250952128,-0.3096705825,-0.6775232457,1.1581821696,-0.6928905723,-0.2402045874,0.25708367,-0.2757596583],[0.6399472602,-0.5913448904,1.0802002508,1.1581821696,-0.6928905723,0.4705431866,0.6104375552,-0.4459351645],[-0.5479185907,-1.2485849423,0.1496407526,-0.3472912966,-0.0329904822,-0.2402045874,0.2268824832,-0.7011984239],[-0.8448850534,-0.5600477451,0.5632227518,-0.5982035409,0.0191068934,-1.5982405127,0.0577558373,-0.9564616833],[-0.8448850534,-0.6226420357,-0.9877097451,-0.3472912966,-0.3803063191,-0.989028135,0.163459991,-0.6161106708],[-0.250952128,0.3475694694,0.5632227518,-1.2882122129,-0.6928905723,0.3055481676,-0.211034725,0.9154688856],[-0.5479185907,-1.029504925,0.2530362524,-0.0963790522,-0.2326970884,-0.3798157573,-0.7335152562,-0.9564616833],[0.0460143347,0.3475694694,0.8734092512,0.6563576809,-0.6928905723,-0.5067350027,-0.1596927075,2.5321361952],[-1.1418515162,-1.3424763783,0.976804751,0.5309015587,-0.3455747354,0.622846281,-0.1143909274,-1.0415494365],[1.827813111,1.2551866839,-0.057150247,0.1545331922,0.4532516895,-0.8240331161,-0.4405637445,1.170732145],[-0.5479185907,-0.2783734371,0.3047340023,0.719085742,-0.6928905723,0.4705431866,-0.9781448691,-1.0415494365],[-0.5479185907,0.0033008708,0.0462452528,0.719085742,0.1319845404,0.9020686208,1.2507027148,-0.8713739302],[0.3429807974,-0.4661563091,0.6666182516,0.5936296198,-0.6928905723,0.952836319,-0.5613684916,0.4049423668],[0.0460143347,-0.8104249077,0.0462452528,0.719085742,-0.6928905723,0.0136339033,0.4231901972,-0.7862861771],[-0.250952128,-1.3424763783,-0.9877097451,0.719085742,0.0712042689,-0.1259772666,-0.6761330013,-0.6161106708],[-0.8448850534,-0.7791277624,-0.2639412465,0.4054454365,0.062521373,0.1532450732,-0.5523081356,-1.0415494365],[0.3429807974,-0.1531848558,0.2530362524,-1.2882122129,-0.6928905723,-0.8113411915,-0.8180785792,-0.2757596583],[-0.5479185907,-1.6554478315,0.0462452528,0.719085742,-0.1198194414,-0.8874927387,-0.8603602407,-0.7011984239],[-1.1418515162,0.0971923068,0.0462452528,-0.0336509911,-0.6928905723,-0.5828865499,-0.6580122893,0.2347668605],[-0.8448850534,-0.0905905652,-0.5741277459,0.9699979864,0.1233016444,0.1659369977,-0.6368714585,-0.8713739302],[0.3429807974,-1.0920992157,-0.057150247,0.4681734976,-0.0764049618,-0.2275126629,-0.3257992348,-0.7862861771],[0.0460143347,-0.6852363264,0.3564317522,-0.3472912966,-0.2500628802,-1.1159473804,-0.7516359683,-1.0415494365],[-0.250952128,0.5666494867,-0.7809187455,-1.2882122129,-0.6928905723,-0.8113411915,-0.211034725,-0.9564616833],[-1.1418515162,0.3162723241,-3.5725972399,-1.2882122129,-0.6928905723,1.4224375268,-0.6096903904,-0.6161106708],[-0.5479185907,-0.1218877105,1.0802002508,-0.0963790522,-0.0764049618,-0.8621088897,-0.4798252873,-1.0415494365],[0.0460143347,0.9422152306,1.0802002508,1.0954541085,-0.6928905723,-0.2909722855,-0.5372075422,0.2347668605],[0.0460143347,0.1284894521,0.0462452528,-0.1591071133,0.3664227303,-0.3925076818,2.0298933336,1.0005566387],[-1.1418515162,2.1002096077,0.6666182516,-0.4100193577,0.9134451734,0.0009419788,0.6345985046,-0.9564616833],[0.0460143347,0.0658951615,-0.3673367463,-1.2882122129,-0.6928905723,0.0009419788,-0.7425756122,0.1496791074],[0.3429807974,1.0674038119,0.7700137514,1.4718224751,4.0392877056,0.8513009227,0.444331028,0.0645913543],[1.2338801856,0.0971923068,0.3564317522,0.2172612533,4.5168469814,-0.4178915309,0.649699098,1.5961709107],[-0.8448850534,1.8498324451,-3.5725972399,-1.2882122129,-0.6928905723,1.4351294513,-0.5734489663,0.6602056262],[0.3429807974,-1.3424763783,-1.0911052449,-1.2882122129,-0.6928905723,0.2167046959,0.5500351817,-0.7011984239],[-0.250952128,1.1612952479,0.3564317522,0.9699979864,1.4344189288,-0.0498257194,1.1449985611,-0.4459351645],[-0.5479185907,-0.5913448904,0.8734092512,0.9699979864,0.3490569384,1.7143517911,-1.0415673613,-0.8713739302],[0.6399472602,0.0658951615,0.1496407526,1.5345505362,1.3041754899,0.2040127713,0.7886245572,0.0645913543],[2.1247795738,0.4414609054,-3.5725972399,-1.2882122129,-0.6928905723,2.5774026595,0.3205061622,0.5751178731],[-0.8448850534,-1.5615563956,-0.3673367463,-1.2882122129,-0.6928905723,-1.2936343239,-0.1687530635,-0.6161106708],[-0.8448850534,0.2223808881,-1.0911052449,1.5345505362,0.9915912367,1.0797555643,0.4262103159,-0.7862861771],[3.0156789619,-0.6539391811,0.459827252,0.2799893144,0.9047622775,0.5847705074,-0.1808335383,1.0856443919],[-1.1418515162,-1.0920992157,-0.057150247,0.719085742,-0.6928905723,0.4832351111,-0.7063341881,-0.7011984239],[-0.8448850534,-0.9982077797,-0.1605457467,0.1545331922,0.1233016444,-0.4940430781,-0.9207626142,-1.0415494365],[0.3429807974,0.691838068,0.459827252,-1.2882122129,-0.6928905723,1.6508921684,-0.8512998846,1.170732145],[0.3429807974,0.8170266493,0.3047340023,-1.2882122129,-0.6928905723,-0.2655884365,-0.1143909274,-0.4459351645],[-0.8448850534,-1.0608020703,0.459827252,0.4054454365,-0.4150379028,0.3309320167,-1.1200904469,-0.9564616833],[-0.250952128,1.6620495731,-0.5741277459,0.0918051311,0.9915912367,0.1151692996,0.3658079423,0.2347668605],[1.5308466483,1.3490781199,0.459827252,-1.2882122129,-0.6928905723,0.1024773751,-0.9781448691,1.0005566387],[-1.1418515162,-0.4974534544,-0.057150247,0.0918051311,-0.6928905723,-1.5220889655,-0.7123744255,-0.9564616833],[1.2338801856,0.1284894521,1.3903867501,-1.2882122129,-0.6928905723,-4.0604738727,-0.7244549002,1.766346417],[-1.1418515162,1.4429695558,-3.5725972399,-1.2882122129,-0.6928905723,0.0390177524,1.108757137,-0.2757596583],[-0.5479185907,